URL,Donation Site,Status,Candidate,Previously MP,Party,Disclaimer,Raised (as of 2/6/17),Target (as of 2/6/17),Reached,Constituency,Local Authority,County,Region,Country
http://www.crowdfunder.co.uk/2017-general-election-fighting-fund,Crowdfunder,individual,Myles Stacey,,Conservative,,100,600,,Tottenham,Haringey,Inner London,London,England
http://www.crowdfunder.co.uk/a-green-candidate-for-rugby-bulkington-2017,Crowdfunder,individual,Graham Bliss,,Green Party,,320,650,,Rugby,Rugby,Warwickshire,West Midlands,England
http://www.crowdfunder.co.uk/a-green-voice-for-tooting,Crowdfunder,individual,Esther Oribi-Darko,,Green Party,,270,500,,Tooting,Wandsworth,Inner London,London,England
http://www.crowdfunder.co.uk/a-green-voice-for-yorkshire,Crowdfunder,individual,Natalie Bennett,,Green Party,,5136,4000,Y,Sheffield Central,Sheffield,South Yorkshire,Yorkshire and The Humber,England
http://www.crowdfunder.co.uk/aaron-bell-for-don-valley,Crowdfunder,individual,Aaron Bell,,Conservative,Y,745,1500,Y,Don Valley,Doncaster,South Yorkshire,Yorkshire and The Humber,England
http://www.crowdfunder.co.uk/adrian-hyyrylainen-tretts-campaign-for-ipswich,Crowdfunder,individual,Adrian Hyyrylainen-Trett,,Independent,Y,279,1000,Y,Ipswich,Ipswich,Suffolk,East of England,England
http://www.crowdfunder.co.uk/ajmal-masroor-for-mp-at-bethnal-green-and-bow,Crowdfunder,individual,Ajmal Masroor,,Independent,,2955,16000,Y,Bethnal Green and Bow,Tower Hamlets,Inner London,London,England
http://www.crowdfunder.co.uk/alasdair-hill-4-hendon-lib-dem-nohardbrexit-fund,Crowdfunder,individual,Alasdair Hill,,Liberal Democrat,Y,575,1000,Y,Hendon,Barnet,Outer London,London,England
http://www.crowdfunder.co.uk/alison-dowling-for-paisley-and-renfrewshire-south,Crowdfunder,individual,Alison Dowling,,Labour,,500,2000,Y,Paisley and Renfrewshire South,Renfrewshire,,,Scotland
http://www.crowdfunder.co.uk/alison-taylor-for-paisley-and-renfrewshire-north,Crowdfunder,individual,Alison Taylor,,Labour,Y,730,1000,Y,Paisley and Renfrewshire North,Renfrewshire,,,Scotland
http://www.crowdfunder.co.uk/altany-craik-for-glenrothes,Crowdfunder,individual,Altany Craik,,Labour,Y,410,800,,Glenrothes,Fife,,,Scotland
http://www.crowdfunder.co.uk/amber-valley-greens,Crowdfunder,group,Matt McGuinness / Sue MacFarlane,,Green Party,,1540,3000,,Amber Valley,Amber Valley,Derbyshire,East Midlands,England
http://www.crowdfunder.co.uk/andrew-hilland-for-lanark-and-hamilton-east,Crowdfunder,individual,Andrew Hilland,,Labour,Y,4029,3000,Y,Lanark and Hamilton East,South Lanarkshire,,,Scotland
http://www.crowdfunder.co.uk/angus-macneil-snp-for-na-h-eileanan-an-iar,Crowdfunder,individual,Angus MacNeil,Y,SNP,,1170,1000,Y,Na h-Eileanan an Iar,Na h-Eileanan Siar,,,Scotland
http://www.crowdfunder.co.uk/ann-holtom-election-fundraising,Crowdfunder,individual,Ann Holtom,,Liberal Democrat,Y,50,500,,"Birmingham, Erdington",Birmingham,West Midlands,West Midlands,England
http://www.crowdfunder.co.uk/argyll-bute-snp-snap-election-appeal,Crowdfunder,individual,Brendan O'Hara,Y,SNP,Y,3079,4000,,Argyll and Bute,Argyll and Bute,,,Scotland
http://www.crowdfunder.co.uk/aylesbury-vale-green-party-election-2017,Crowdfunder,group,Coral Simpson / Michael Sheppard,,Green Party,,480,700,,Aylesbury,Wycombe,Buckinghamshire,South East,England
http://www.crowdfunder.co.uk/barbara-keeley-election-fund-2017,Crowdfunder,individual,Barbara Keeley,Y,Labour,,350,1000,Y,Worsley and Eccles South,Salford,Greater Manchester,North West,England
http://www.crowdfunder.co.uk/barking-dagenham-havering-election-campaign,Crowdfunder,group,David Hughes / Denis Breading / Peter Caton / Shannon Butterfield,,Green Party,,1075,1000,Y,Romford,Havering,Outer London,London,England
http://www.crowdfunder.co.uk/barnsley-first-vote-james-dalton-ukip,Crowdfunder,individual,James Dalton,,UKIP,Y,200,8000,,Barnsley East,Barnsley,South Yorkshire,Yorkshire and The Humber,England
http://www.crowdfunder.co.uk/bexgp17,Crowdfunder,group,Claudine Letsae / Derek Moran / Ivor Lobo,,Green Party,Y,325,1500,Y,Erith and Thamesmead,Greenwich,Outer London,London,England
http://www.crowdfunder.co.uk/bexhill-battle-labour-snap-general-election-fund,Crowdfunder,individual,Christine Bayliss,,Labour,Y,710,3000,Y,Bexhill and Battle,Wealden,East Sussex,South East,England
http://www.crowdfunder.co.uk/birmingham-green-party-election-fundraiser,Crowdfunder,group,Alice Kiff / Chris Garghan / Clare Thomas / David Ratcliff / Eleanor Masters / James Lovatt / Julien Pritchard / Kefentse Dennis / Patrick Cox / Vijay Rana,,Green Party,,3706,5000,,"Birmingham, Edgbaston",Birmingham,West Midlands,West Midlands,England
http://www.crowdfunder.co.uk/blairmcdougall,Crowdfunder,individual,Blair McDougall,,Labour,Y,7389,8000,,East Renfrewshire,East Renfrewshire,,,Scotland
http://www.crowdfunder.co.uk/blyth-valley-green-party-general-election-2017,Crowdfunder,individual,Dawn Furness,,Green Party,,165,1000,Y,Blyth Valley,Northumberland,,North East,England
http://www.crowdfunder.co.uk/bolton-green-party-election-campaign,Crowdfunder,group,Alan Johnson / Liz Spencer,,Green Party,,535,500,Y,Bolton South East,Bolton,Greater Manchester,North West,England
http://www.crowdfunder.co.uk/boston-skegness-labour-campaign-fund,Crowdfunder,individual,Paul Kenny,,Labour,Y,243,700,,Boston and Skegness,East Lindsey,Lincolnshire,East Midlands,England
http://www.crowdfunder.co.uk/bradford-green-party-election2017-fighting-fund,Crowdfunder,group,Andy Stanford / Celia Hickson / Darren Parkinson,,Green Party,,500,1000,Y,Bradford East,Bradford,West Yorkshire,Yorkshire and The Humber,England
http://www.crowdfunder.co.uk/brandonlewiscampaignfund,Crowdfunder,individual,Brandon Lewis,Y,Conservative,,0,2000,,Great Yarmouth,Great Yarmouth,Norfolk,East of England,England
http://www.crowdfunder.co.uk/bury-liberal-democrats-election-appeal,Crowdfunder,group,Andrew Page / RIchard Baum,,Liberal Democrat,,290,4000,,Bury South,Bury,Greater Manchester,North West,England
http://www.crowdfunder.co.uk/caerphilly-green-party-election-fund,Crowdfunder,individual,Andrew Creak,,Green Party,,50,1000,Y,Caerphilly,Caerphilly,,,Wales
http://www.crowdfunder.co.uk/calderdale-green-party-snap-election-fund,Crowdfunder,individual,Kieran Turner,,Green Party,,1045,1000,Y,Calder Valley,Calderdale,West Yorkshire,Yorkshire and The Humber,England
http://www.crowdfunder.co.uk/callum-odwyer-for-aberdeen-south,Crowdfunder,individual,Callum O'Dwyer,,Labour,Y,320,500,,Aberdeen South,Aberdeen City,,,Scotland
http://www.crowdfunder.co.uk/campaign-fund-for-general-election-2017,Crowdfunder,individual,Graham Winter,,Labour,Y,790,2000,Y,Camborne and Redruth,Cornwall,,South West,England
http://www.crowdfunder.co.uk/cara-hilton-for-dunfermline-west-fife,Crowdfunder,individual,Cara Hilton,,SNP,Y,265,2000,Y,Dunfermline and West Fife,Fife,,,Scotland
http://www.crowdfunder.co.uk/cheltenham-green-party-election-campaign-2017,Crowdfunder,individual,Adam van Coevorden,,Green Party,Y,415,1000,Y,Cheltenham,Cheltenham,Gloucestershire,South West,England
http://www.crowdfunder.co.uk/chesham-and-amersham,Crowdfunder,individual,Nina Dluzewska,,Labour,,970,1000,Y,Chesham and Amersham,Chiltern,Buckinghamshire,South East,England
http://www.crowdfunder.co.uk/cheshire-east-green-party-candidate-crowdfunder,Crowdfunder,group,Alex Heath / James Booth / Nigel Hennerley,,Green Party,,1805,3000,,Congleton,Cheshire East,,North West,England
http://www.crowdfunder.co.uk/cheshire-west-and-chester-green-party-candidates,Crowdfunder,group,Chris Copeman / Mark Green / Steven Baker,,Green Party,,590,1500,Y,Weaver Vale,Cheshire West and Chester,,North West,England
http://www.crowdfunder.co.uk/chiltern-green-party-general-election-2017-fund,Crowdfunder,group,Alan Booth / Peter Sims / Russell Secker,,Green Party,,550,1500,Y,Chesham and Amersham,Chiltern,Buckinghamshire,South East,England
http://www.crowdfunder.co.uk/chris-4-wirral-south-election-fighting-fund,Crowdfunder,individual,Chris Carubia,,Liberal Democrat,,20,10000,Y,Wirral South,Wirral,Merseyside,North West,England
http://www.crowdfunder.co.uk/chris-allen-for-clwyd-south,Crowdfunder,individual,Chris Allen,,Plaid Cymru,,310,500,,Clwyd South,Wrexham,,,Wales
http://www.crowdfunder.co.uk/chrislawsnp,Crowdfunder,individual,Chris Law,Y,SNP,Y,1570,2000,,Dundee West,Angus,,,Scotland
http://www.crowdfunder.co.uk/christopher-rimicans-for-north-ayrshire-and-arran,Crowdfunder,individual,Christopher Rimicans,,Labour,Y,0,1000,,North Ayrshire and Arran,North Ayrshire,,,Scotland
http://www.crowdfunder.co.uk/claire-edwards-for-rugby-mp-june-8-2017,Crowdfunder,individual,Claire Edwards,,Labour,,685,20000,Y,Rugby,Rugby,Warwickshire,West Midlands,England
http://www.crowdfunder.co.uk/corri-wilson-snp,Crowdfunder,individual,Corri Wilson,Y,SNP,,1120,4000,,"Ayr, Carrick and Cumnock",East Ayrshire,,,Scotland
http://www.crowdfunder.co.uk/cotswoldgreens,Crowdfunder,individual,Sabrina Poole,,Green Party,Y,270,2000,Y,The Cotswolds,Cotswold,Gloucestershire,South West,England
http://www.crowdfunder.co.uk/coventry-green-candidates-2017,Crowdfunder,group,Aimee Challenor / Matthew Hangley / Stephen Gray,,Green Party,,1160,1500,,Coventry South,Coventry,West Midlands,West Midlands,England
http://www.crowdfunder.co.uk/crawley-horsham-mid-sussex-greens-election-2017,Crowdfunder,group,Catherine Ross / Chrisopher Jerrey,,Green Party,,1170,2000,,Horsham,Mid Sussex,West Sussex,South East,England
http://www.crowdfunder.co.uk/croydon-green-party-ge2017,Crowdfunder,group,Catherine Shelley / Claire Jackson-Prior / Peter Underwood / Shasha Khan / Tracey Hague,,Green Party,,270,700,,Croydon South,Croydon,Outer London,London,England
http://www.crowdfunder.co.uk/dacorum-green-party-election-fundraiser-2017,Crowdfunder,group,Paul De Hoest / Sherief Hassan,,Green Party,,1260,3000,,South West Hertfordshire,Three Rivers,Hertfordshire,East of England,England
http://www.crowdfunder.co.uk/dan-hill-andover-green,Crowdfunder,individual,Dan Hill,,Green Party,Y,190,500,,North West Hampshire,Test Valley,Hampshire,South East,England
http://www.crowdfunder.co.uk/daniel-williams-for-neath-dros-gastell-nedd,Crowdfunder,individual,Daniel Williams,,Plaid Cymru,,950,1500,Y,Neath,Neath Port Talbot,,,Wales
http://www.crowdfunder.co.uk/darlington-green-party-election-fighting-fund,Crowdfunder,individual,Matthew Snedker,,Green Party,,785,2000,Y,Darlington,Darlington,,North East,England
http://www.crowdfunder.co.uk/dartford-gravesham-green-party-fighting-fund,Crowdfunder,group,Andy Blatchford / Marna Gilligan,,Green Party,,410,1000,Y,Dartford,Dartford,Kent,South East,England
http://www.crowdfunder.co.uk/ddsedgefield,Crowdfunder,individual,Dehenna Davidson,,Conservative,,520,5000,Y,Sedgefield,Darlington,,North East,England
http://www.crowdfunder.co.uk/defending-the-nhs-in-east-worthing-and-shoreham,Crowdfunder,individual,Dr Carl Walker,,NHA Party,,905,1000,Y,East Worthing and Shoreham,Adur,West Sussex,South East,England
http://www.crowdfunder.co.uk/derbyshire-green-party-general-election-fund,Crowdfunder,group,Dave Kesteven / Dave Wadsworth / Ian Sleeman / Marten Kats / Matt Buckler,,Green Party,,715,1000,Y,North East Derbyshire,North East Derbyshire,Derbyshire,East Midlands,England
http://www.crowdfunder.co.uk/dover-and-deal-green-party-2017-election-deposit,Crowdfunder,individual,Beccy Sawbridge,,Green Party,,501,500,Y,Dover,Dover,Kent,South East,England
http://www.crowdfunder.co.uk/dr-philippa-whitford-campaign-fund-1,Crowdfunder,individual,Philippa Whitford,Y,SNP,Y,2863,3000,,Central Ayrshire,North Ayrshire,,,Scotland
http://www.crowdfunder.co.uk/ealing-green-party-2017-election-campaign,Crowdfunder,group,Meena Hans / Peter Ward,,Green Party,,1170,1000,Y,Ealing North,Ealing,Outer London,London,England
http://www.crowdfunder.co.uk/east-berkshire-greens-general-election-fund,Crowdfunder,group,Dr Derek Wall / Fintan McKeown,,Green Party,,515,3000,Y,Maidenhead,Windsor and Maidenhead,,South East,England
http://www.crowdfunder.co.uk/eleanor-in-bath-help-greens-win-in-bath,Crowdfunder,individual,Eleanor Field,,Green Party,Y,2275,3000,,Bath,Bath and North East Somerset,,South West,England
http://www.crowdfunder.co.uk/elect-a-labour-mp-for-bromsgrove,Crowdfunder,individual,Michael Thompson,,Labour,,937,500,Y,Bromsgrove,Bromsgrove,Worcestershire,West Midlands,England
http://www.crowdfunder.co.uk/elect-andrew-cooper-a-green-mp-for-huddersfield,Crowdfunder,individual,Andrew Cooper,,Green Party,Y,580,2000,Y,Huddersfield,Kirklees,West Yorkshire,Yorkshire and The Humber,England
http://www.crowdfunder.co.uk/elect-daniel-jennings-as-mp-for-aldershot,Crowdfunder,individual,Daniel Jennings,,NHA Party,,0,500,,Aldershot,Hart,Hampshire,South East,England
http://www.crowdfunder.co.uk/elect-danielle-rowley-as-the-mp-for-midlothian,Crowdfunder,individual,Danielle Rowley,,Labour,,550,500,Y,Midlothian,Midlothian,,,Scotland
http://www.crowdfunder.co.uk/elect-david-linden-as-the-next-mp-for-glasgow-east,Crowdfunder,individual,David Linden,,SNP,Y,2090,2000,Y,Glasgow East,Glasgow City,,,Scotland
http://www.crowdfunder.co.uk/elect-fateen-hameed-labour-for-glasgow-central,Crowdfunder,individual,Fatten Hameed,,Labour,,30,1000,Y,Glasgow Central,Glasgow City,,,Scotland
http://www.crowdfunder.co.uk/elect-foysol-choudhury-for-edinburgh-south-west,Crowdfunder,individual,Foysol Choudhury,,Labour,Y,1240,5000,,Edinburgh South West,City of Edinburgh,,,Scotland
http://www.crowdfunder.co.uk/elect-gordon-munro-for-edinburgh-north-and-leith,Crowdfunder,individual,Gordon Munro,,Labour,Y,2165,2000,Y,Edinburgh North and Leith,City of Edinburgh,,,Scotland
http://www.crowdfunder.co.uk/elect-grant-smith-as-independent-mp-for-maidenhead,Crowdfunder,individual,Grant Smith,,Independent,Y,260,3000,,Maidenhead,Windsor and Maidenhead,,South East,England
http://www.crowdfunder.co.uk/elect-jim-eadie-snp-stronger-for-edinburgh-south,Crowdfunder,individual,Jim Eadie,,SNP,Y,1675,1500,Y,Edinburgh South,City of Edinburgh,,,Scotland
http://www.crowdfunder.co.uk/elect-kirsten-muat-for-gordon,Crowdfunder,individual,Kirsten Muat,,Labour,Y,40,1000,Y,Gordon,Aberdeenshire,,,Scotland
http://www.crowdfunder.co.uk/elect-mairi-mcallan,Crowdfunder,individual,Mairi McAllan,,SNP,Y,6700,5000,Y,"Dumfriesshire, Clydesdale and Tweeddale",Scottish Borders,,,Scotland
http://www.crowdfunder.co.uk/elect-martin-whitfield-as-east-lothians-next-mp,Crowdfunder,individual,Martin Whitfield,,Labour,Y,3071,2000,Y,East Lothian,East Lothian,,,Scotland
http://www.crowdfunder.co.uk/elect-pam-duncan-glancy-for-glasgow-north,Crowdfunder,individual,Pam Duncan-Glancy,,Labour,Y,766,500,Y,Glasgow North,Glasgow City,,,Scotland
http://www.crowdfunder.co.uk/elect-paul-white-in-burnley,Crowdfunder,individual,Paul White,,Conservative,Y,14,5000,,Burnley,Burnley,Lancashire,North West,England
http://www.crowdfunder.co.uk/elect-richard-winter-green-for-basingstoke,Crowdfunder,individual,Richard Winter,,Green Party,,389,500,,Basingstoke,Basingstoke and Deane,Hampshire,South East,England
http://www.crowdfunder.co.uk/elect-robert-alden-for-erdington,Crowdfunder,individual,Robert Alden,,Conservative,,450,3000,Y,"Birmingham, Erdington",Birmingham,West Midlands,West Midlands,England
http://www.crowdfunder.co.uk/election-campaign-fundraiser,Crowdfunder,individual,Dinah Mulholland,,Labour,Y,165,5000,,Ceredigion,Ceredigion,,,Wales
http://www.crowdfunder.co.uk/election-fighting-fund,Crowdfunder,individual,Jess Phillips,Y,Labour,Y,12600,5000,,"Birmingham, Yardley",Birmingham,West Midlands,West Midlands,England
http://www.crowdfunder.co.uk/election-fighting-fund-preet-gill-4-edgbaston,Crowdfunder,individual,Preet Gill,,Labour,Y,2520,5000,,"Birmingham, Edgbaston",Birmingham,West Midlands,West Midlands,England
http://www.crowdfunder.co.uk/election-fund-for-green-party-in-west-lindsey,Crowdfunder,individual,Vicky Pearson,,Green Party,,80,500,Y,Gainsborough,West Lindsey,Lincolnshire,East Midlands,England
http://www.crowdfunder.co.uk/ellies-election-campaign-2017,Crowdfunder,individual,Ellie Chowns,,Green Party,Y,1310,1150,Y,North Herefordshire,"Herefordshire, County of",,West Midlands,England
http://www.crowdfunder.co.uk/esociety-mp-in-poplar-and-limehouse,Crowdfunder,individual,David Barker,,Independent,,1305,5000,,Poplar and Limehouse,Tower Hamlets,Inner London,London,England
http://www.crowdfunder.co.uk/etholwch-rhys-watkin-penybont-elect-rhys-watkins,Crowdfunder,individual,Rhys Watkins,,Plaid Cymru,,20,500,,Bridgend,Bridgend,,,Wales
http://www.crowdfunder.co.uk/etholwch-wyn-jones-aberconwy-elect-wyn-jones,Crowdfunder,individual,Etholwch Wyn Jones,,Plaid Cymru,,1205,3000,,Aberconwy,Conwy,,,Wales
http://www.crowdfunder.co.uk/fgp-election-funds,Crowdfunder,individual,Ruth M. Johnson,,Green Party,,20,1000,Y,North East Cambridgeshire,Fenland,Cambridgeshire,East of England,England
http://www.crowdfunder.co.uk/fish-finger-for-mp,Crowdfunder,individual,Mr Fish Finger,,Independent,,2301,500,,Westmorland and Lonsdale,South Lakeland,Cumbria,North West,England
http://www.crowdfunder.co.uk/fund-raising-for-jenny-wilkinson,Crowdfunder,individual,Jenny Wilkinson,,Liberal Democrat,Y,520,750,,Sutton Coldfield,Birmingham,West Midlands,West Midlands,England
http://www.crowdfunder.co.uk/gareth-ellis-mid-beds-green-party-candidate,Crowdfunder,group,Gareth Ellis / Gareth Lloyd,,Green Party,,635,1200,Y,Mid Bedfordshire,Central Bedfordshire,,East of England,England
http://www.crowdfunder.co.uk/ge2017_stu_donaldson,Crowdfunder,individual,Stuart Donaldson,Y,SNP,Y,4045,2000,Y,West Aberdeenshire and Kincardine,Aberdeenshire,,,Scotland
http://www.crowdfunder.co.uk/ge2017-green-voices-in-south-gloucestershire,Crowdfunder,group,Diana Warner / Iain Hamilton / Matthew Furey-King,,Green Party,,630,500,Y,Filton and Bradley Stoke,South Gloucestershire,,South West,England
http://www.crowdfunder.co.uk/general-election-deposit-for-greens-in-monmouth-1,Crowdfunder,individual,Ian Chandler,,Green Party,,160,500,,Monmouth,Torfaen,,,Wales
http://www.crowdfunder.co.uk/general-election-deposit-for-maidstone-the-weald,Crowdfunder,individual,Stuart Jeffery,,Green Party,,520,500,Y,Maidstone and The Weald,Maidstone,Kent,South East,England
http://www.crowdfunder.co.uk/get-kizzi-elected,Crowdfunder,individual,Kizzi Johannessen,,Green Party,Y,815,1000,Y,Reading East,Wokingham,,South East,England
http://www.crowdfunder.co.uk/get-pbp-candidate-shaun-harkin-elected,Crowdfunder,individual,Shaun Harkin,,People Before Profit,Y,958,5000,Y,Foyle,Derry City and Strabane,,,Northern Ireland
http://www.crowdfunder.co.uk/get-the-green-party-on-dudley-ballot-papers,Crowdfunder,group,Andi Mohr / Andrew Nixon / James Robertson / Jenny Maxwell,,Green Party,,1030,1000,Y,Stourbridge,Dudley,West Midlands,West Midlands,England
http://www.crowdfunder.co.uk/get-the-green-party-on-solihull-ballot-papers,Crowdfunder,group,Alison Gavin / Max McLoughlin,,Green Party,,1515,1500,Y,Meriden,Solihull,West Midlands,West Midlands,England
http://www.crowdfunder.co.uk/give-everyone-in-trafford-the-chance-to-vote-green,Crowdfunder,group,Daniel Jerrome / Geraldine Coggins / Michael Ingleson,,Green Party,,1130,1000,Y,Wythenshawe and Sale East,Manchester,Greater Manchester,North West,England
http://www.crowdfunder.co.uk/gloucester-green-party-stand-up-for-what-matters,Crowdfunder,individual,Gerald Hartley,,Green Party,,180,500,,Gloucester,Gloucester,Gloucestershire,South West,England
http://www.crowdfunder.co.uk/gower-election-fighting-fund,Crowdfunder,individual,Tonia Antoniazzi,,Labour,Y,2630,3000,,Gower,Swansea,,,Wales
http://www.crowdfunder.co.uk/graham-brady,Crowdfunder,individual,Graham Brady,Y,Conservative,,180,2000,,Altrincham and Sale West,Trafford,Greater Manchester,North West,England
http://www.crowdfunder.co.uk/green-candidate-for-sunderland,Crowdfunder,individual,Rachel Featherstone,,Green Party,,187,2000,,Sunderland Central,Sunderland,Tyne and Wear,North East,England
http://www.crowdfunder.co.uk/green-lois-for-battersea-2017,Crowdfunder,individual,Lois Davis,,Green Party,,210,300,,Battersea,Wandsworth,Inner London,London,England
http://www.crowdfunder.co.uk/green-mps-for-north-herts-and-stevenage,Crowdfunder,group,Richard Cano / Tim Lee / Victoria Snelling,,Green Party,,651,2000,Y,Hitchin and Harpenden,North Hertfordshire,Hertfordshire,East of England,England
http://www.crowdfunder.co.uk/green-oldham-17,Crowdfunder,individual,Adam King,,Green Party,,520,1000,Y,Oldham West and Royton,Oldham,Greater Manchester,North West,England
http://www.crowdfunder.co.uk/green-party-candidates-for-worthing-shoreham,Crowdfunder,group,Ben Cornish / Leslie Groves Williams,,Green Party,,1130,3000,,Worthing West,Arun,West Sussex,South East,England
http://www.crowdfunder.co.uk/green-party-cdnw-general-election-2017,Crowdfunder,group,Emma Dawnay / Phil Chamberlain / Tina Johnston,,Green Party,,1070,500,,Devizes,Wiltshire,,South West,England
http://www.crowdfunder.co.uk/green-party-deposits-4-burnley-pendle-rossendale,Crowdfunder,group,Ian Barnett / John Payne / Laura Fisk,,Green Party,,350,1500,Y,Pendle,Pendle,Lancashire,North West,England
http://www.crowdfunder.co.uk/green-party-election-deposit-for-philip-dodd,Crowdfunder,individual,Philip Dodd,,Green Party,Y,555,500,Y,Sevenoaks,Sevenoaks,Kent,South East,England
http://www.crowdfunder.co.uk/green-party-in-penrith-and-the-border,Crowdfunder,individual,Doug Lawson,,Green Party,,715,1000,Y,Penrith and The Border,Eden,Cumbria,North West,England
http://www.crowdfunder.co.uk/green-party-mark-bray-parry,Crowdfunder,individual,Mark Bray-Parry,,Green Party,,305,1500,Y,Guildford,Waverley,Surrey,South East,England
http://www.crowdfunder.co.uk/green-party-mps-for-newcastle-upon-tyne,Crowdfunder,group,Alison Whalley / Alistair Ford / Peter Thomson,,Green Party,,658,1000,Y,Newcastle upon Tyne North,Newcastle upon Tyne,Tyne and Wear,North East,England
http://www.crowdfunder.co.uk/green4burton2017,Crowdfunder,individual,Simon Hales,,Green Party,,165,500,,Burton,East Staffordshire,Staffordshire,West Midlands,England
http://www.crowdfunder.co.uk/hackney-greens-2017,Crowdfunder,group,Alistair Binnie-Lubbok / Rebecca Johnson,,Green Party,,1533,1800,,Hackney North and Stoke Newington,Hackney,Inner London,London,England
http://www.crowdfunder.co.uk/help-ben-stand-as-the-green-party-ppc-in-putney,Crowdfunder,individual,Ben Fletcher,,Green Party,Y,1280,2500,,Putney,Wandsworth,Inner London,London,England
http://www.crowdfunder.co.uk/help-elect-a-green-in-portsmouth,Crowdfunder,group,Ian McCulloch / Ken Hawkins,,Green Party,Y,1016,2000,,Portsmouth South,Portsmouth,,South East,England
http://www.crowdfunder.co.uk/help-elect-a-green-mp-for-wyre-forest,Crowdfunder,individual,Brett Caulfield,,Green Party,Y,198,500,,Wyre Forest,Wyre Forest,Worcestershire,West Midlands,England
http://www.crowdfunder.co.uk/help-elect-an-independent-mp-for-the-wrekin,Crowdfunder,individual,Fay Easton,,Independent,,1500,1500,Y,The Wrekin,Shropshire,,West Midlands,England
http://www.crowdfunder.co.uk/help-fund-andy-dixons-general-election-campaign,Crowdfunder,individual,Andy Dixon,,Independent,Y,750,2500,Y,Rutherglen and Hamilton West,South Lanarkshire,,,Scotland
http://www.crowdfunder.co.uk/help-iain-stand-for-mp-independent-for-lincoln,Crowdfunder,individual,Iain Scott-Burdon,,Independent,,400,2000,Y,Lincoln,North Kesteven,Lincolnshire,East Midlands,England
http://www.crowdfunder.co.uk/help-labour-in-batley-and-spen,Crowdfunder,individual,Tracy Brabin,,Labour,Y,680,1000,Y,Batley and Spen,Kirklees,West Yorkshire,Yorkshire and The Humber,England
http://www.crowdfunder.co.uk/help-re-elect-margaret-ferrier-snp,Crowdfunder,individual,Margaret Ferrier,Y,SNP,Y,1865,2000,,Rutherglen and Hamilton West,South Lanarkshire,,,Scotland
http://www.crowdfunder.co.uk/help-the-green-party-in-bexhill-battle-june-8,Crowdfunder,individual,Jonathan Kent,,Green Party,,340,2500,Y,Bexhill and Battle,Wealden,East Sussex,South East,England
http://www.crowdfunder.co.uk/help-the-green-party-stand-in-sandwell,Crowdfunder,group,John Macefield / Mark Redding / Rob Buckman,,Green Party,,850,850,Y,West Bromwich East,Sandwell,West Midlands,West Midlands,England
http://www.crowdfunder.co.uk/help-the-greens-stand-a-candidate-in-streatham,Crowdfunder,individual,Nicole Griffiths,,Green Party,,745,1000,Y,Streatham,Lambeth,Inner London,London,England
http://www.crowdfunder.co.uk/help-the-greens-stand-a-candidate-in-vauxhall,Crowdfunder,individual,Gulnar Hasnain,,Green Party,,1160,1700,,Vauxhall,Lambeth,Inner London,London,England
http://www.crowdfunder.co.uk/help-the-greens-stand-in-dulwich-and-west-norwood,Crowdfunder,individual,Rashid Nix,,Green Party,,925,1000,Y,Dulwich and West Norwood,Southwark,Inner London,London,England
http://www.crowdfunder.co.uk/help-the-snp-win-glasgow-south-west,Crowdfunder,individual,Chris Stephens,Y,SNP,Y,1060,1500,,Glasgow South West,Glasgow City,,,Scotland
http://www.crowdfunder.co.uk/help-to-re-elect-peter-grant-as-your-snp-mp,Crowdfunder,individual,Peter Grant,Y,SNP,Y,1000,2000,,Glenrothes,Fife,,,Scotland
http://www.crowdfunder.co.uk/help-us-campaign-for-a-green-mp-in-canterbury,Crowdfunder,individual,Henry Stanton,,Green Party,,538,500,Y,Canterbury,Canterbury,Kent,South East,England
http://www.crowdfunder.co.uk/help-us-elect-labour-mps-in-milton-keynes,Crowdfunder,group,Charlynne Pullen / Hannah O'Neill,,Labour,Y,595,5000,Y,Milton Keynes North,Milton Keynes,,South East,England
http://www.crowdfunder.co.uk/help-watford-greens-stand-candidate-in-hertsmere,Crowdfunder,group,Alex Murray / Sophie Summerhayes,,Green Party,,600,500,Y,Watford,Three Rivers,Hertfordshire,East of England,England
http://www.crowdfunder.co.uk/hull-er-green-party-snap-election-fighting-fund,Crowdfunder,group,Dr Isabel Pires / Dr Mike Jackson / Julia Brown / Martin Deane / Mike Lamminman / Richard Howarth,,Green Party,,320,5000,,Brigg and Goole,North Lincolnshire,,Yorkshire and The Humber,England
http://www.crowdfunder.co.uk/huntingdonshire-green-party-general-election-fund,Crowdfunder,individual,Gregor Guthrie,,Green Party,,140,500,,Huntingdon,Huntingdonshire,Cambridgeshire,East of England,England
http://www.crowdfunder.co.uk/ian-murray-for-edinburgh-south,Crowdfunder,individual,Ian Murray,Y,Labour,,8655,2000,Y,Edinburgh South,City of Edinburgh,,,Scotland
http://www.crowdfunder.co.uk/isle-of-wight-green-party-fighting-fund-1,Crowdfunder,individual,Vix Lowthion,,Green Party,,1340,4000,,Isle of Wight,Isle of Wight,,South East,England
http://www.crowdfunder.co.uk/jamie-wildman-daventry-green-party-campaign-fund,Crowdfunder,individual,Jamie Wildman,,Green Party,,1340,4000,,Daventry,Daventry,Northamptonshire,East Midlands,England
http://www.crowdfunder.co.uk/jarelle4tottenham-haringey-green-party-2017,Crowdfunder,individual,Jarelle Francis,,Green Party,,610,2000,Y,Tottenham,Haringey,Inner London,London,England
http://www.crowdfunder.co.uk/jess-and-rachels-election-campaign-2017,Crowdfunder,group,Jess Northey / Rachel Parkinson,,Green Party,Y,1210,4000,,St Helens South and Whiston,St. Helens,Merseyside,North West,England
http://www.crowdfunder.co.uk/jo-fitzgerald-green-party-stockton-south,Crowdfunder,individual,Jo Fitzgerald,,Green Party,,300,1000,Y,Stockton South,Stockton-on-Tees,,North East,England
http://www.crowdfunder.co.uk/jo-kirby-for-moray-2017,Crowdfunder,individual,Jo Kirby,,Independent,Y,189,500,,Moray,Moray,,,Scotland
http://www.crowdfunder.co.uk/john-odowd-for-mp-ge17,Crowdfunder,individual,John O'Dowd,,Sinn Fein,,405,1000,Y,Upper Bann,"Armagh City, Banbridge and Craigavon",,,
http://www.crowdfunder.co.uk/jonathan-chilvers-4-warwick-and-leamington,Crowdfunder,individual,Jonathan Chilvers,,Green Party,,1589,2000,,Warwick and Leamington,Warwick,Warwickshire,West Midlands,England
http://www.crowdfunder.co.uk/julie-speed-for-louth-and-horncastle,Crowdfunder,individual,Julie Speed,,Labour,Y,663,700,,Louth and Horncastle,East Lindsey,Lincolnshire,East Midlands,England
http://www.crowdfunder.co.uk/kate-watson-for-glasgow-east,Crowdfunder,individual,Kate Watson,,Labour,,2730,3000,,Glasgow East,Glasgow City,,,Scotland
http://www.crowdfunder.co.uk/katz4hendon,Crowdfunder,individual,Mike Katz,,Labour,,2330,3000,,Hendon,Barnet,Outer London,London,England
http://www.crowdfunder.co.uk/kingston-green-party-general-election-deposit,Crowdfunder,individual,Chris Walker,,Green Party,,265,500,,Kingston and Surbiton,Kingston upon Thames,Outer London,London,England
http://www.crowdfunder.co.uk/leeds-green-party-general-election-fighting-fund,Crowdfunder,group,Ann Forsaith / Ed Carlisle / Jaimes Lewis Moran,,Green Party,,1105,5000,,Leeds North East,Leeds,West Yorkshire,Yorkshire and The Humber,England
http://www.crowdfunder.co.uk/lesley-laird-for-kirkcaldy-cowdenbeath,Crowdfunder,individual,Lesley Laird,,Labour,,795,500,Y,Kirkcaldy and Cowdenbeath,Fife,,,Scotland
http://www.crowdfunder.co.uk/lib-dem-mp-for-isle-of-wight-nick-belfitt,Crowdfunder,individual,Nick Belfitt,,Liberal Democrat,Y,1863,1800,Y,Isle of Wight,Isle of Wight,,South East,England
http://www.crowdfunder.co.uk/lichfieldgreenmp,Crowdfunder,individual,Robert Pass,,Green Party,,495,500,,Lichfield,East Staffordshire,Staffordshire,West Midlands,England
http://www.crowdfunder.co.uk/lincoln-green-party-general-election-fighting-fund,Crowdfunder,individual,Ben Loryman,,Green Party,,415,1500,Y,Lincoln,North Kesteven,Lincolnshire,East Midlands,England
http://www.crowdfunder.co.uk/liverpool-greens-snap-election-fund,Crowdfunder,individual,Martin Dobson,,Green Party,,1362,5000,,"Liverpool, Riverside",Liverpool,Merseyside,North West,England
http://www.crowdfunder.co.uk/lucy-bywater-bedford-kempston-green-candidate,Crowdfunder,individual,Lucy Bywater,,Green Party,,630,1200,Y,Bedford,Bedford,,East of England,England
http://www.crowdfunder.co.uk/lukic,Crowdfunder,individual,Aleks Lukic,,Independent,Y,265,1000,Y,Batley and Spen,Kirklees,West Yorkshire,Yorkshire and The Humber,England
http://www.crowdfunder.co.uk/luton-south-labour-party-election-campaign-2017,Crowdfunder,individual,Gavin Shuker,Y,Labour,,635,15000,Y,Luton South,Luton,,East of England,England
http://www.crowdfunder.co.uk/makeyarmouthgreatagain,Crowdfunder,individual,Catherine Blaiklock,,UKIP,Y,21,5000,,Great Yarmouth,Great Yarmouth,Norfolk,East of England,England
http://www.crowdfunder.co.uk/manchestergreenparty-ge2017-fightingfund,Crowdfunder,group,Jess Mayo / Laura Bannister / Rachael Shah,,Green Party,,770,2500,Y,"Manchester, Gorton",Manchester,Greater Manchester,North West,England
http://www.crowdfunder.co.uk/marc-scheimann-luton-south-green-party-candidate,Crowdfunder,individual,Marc Sheimann,,Green Party,Y,245,1199,Y,Luton South,Luton,,East of England,England
http://www.crowdfunder.co.uk/marisha-ray-4-chipping-barnet-fighting-fund,Crowdfunder,individual,Marisha Ray,,Liberal Democrat,Y,20,1000,Y,Chipping Barnet,Barnet,Outer London,London,England
http://www.crowdfunder.co.uk/martin-mccluskey-for-inverclyde,Crowdfunder,individual,Martin McCluskey,,Labour,,3250,2000,Y,Inverclyde,Inverclyde,,,Scotland
http://www.crowdfunder.co.uk/marty-caine-for-poole-mp-ge2017,Crowdfunder,individual,Marty Caine,,Demos Direct Initiative Party,,130,1000,Y,Poole,Poole,,South West,England
http://www.crowdfunder.co.uk/matt-warman-for-boston-and-skegness,Crowdfunder,individual,Martin Warman,,Conservative,,910,5000,Y,Boston and Skegness,East Lindsey,Lincolnshire,East Midlands,England
http://www.crowdfunder.co.uk/mcgeever-for-eastkilbride-strathaven-lesmahagow,Crowdfunder,individual,Mark McGeever,,Conservative,Y,190,1000,Y,"East Kilbride, Strathaven and Lesmahagow",South Lanarkshire,,,Scotland
http://www.crowdfunder.co.uk/medway-green-party-election-deposit-fund,Crowdfunder,group,Bernard Hyde / Clive Gregory / Sonia Hyner,,Green Party,,45,1000,Y,Chatham and Aylesford,Medway,,South East,England
http://www.crowdfunder.co.uk/mike-scott-haywards-election-fighting-fund,Crowdfunder,individual,Mike Scott-Hayward,,Green Party,Y,239,1000,Y,North East Fife,Fife,,,Scotland
http://www.crowdfunder.co.uk/miriam-brett-for-mp-of-orkney-and-shetland,Crowdfunder,individual,Miriam Brett,,SNP,Y,5355,5000,Y,Orkney and Shetland,Shetland Islands,,,Scotland
http://www.crowdfunder.co.uk/mk-green-party-general-election-fund-2017,Crowdfunder,group,Alan Francis / Graham Findlay,,Green Party,,330,2000,Y,Milton Keynes North,Milton Keynes,,South East,England
http://www.crowdfunder.co.uk/morvern-rennie-sw-beds-green-party-candidate,Crowdfunder,individual,Morvern Rennie,,Green Party,Y,950,1200,Y,South West Bedfordshire,Central Bedfordshire,,East of England,England
http://www.crowdfunder.co.uk/natalie-bennett-for-sheffield-central,Crowdfunder,individual,Natalie Bennett,,Green Party,Y,6070,10000,Y,Sheffield Central,Sheffield,South Yorkshire,Yorkshire and The Humber,England
http://www.crowdfunder.co.uk/neal-stote-election-campaign,Crowdfunder,individual,Neal Stote,,NHA Party,,1259,12000,Y,Redditch,Wychavon,Worcestershire,West Midlands,England
http://www.crowdfunder.co.uk/north-devon-green-party-election-fighting-fund-1,Crowdfunder,individual,Richard Knight,,Green Party,,540,1000,Y,North Devon,North Devon,Devon,South West,England
http://www.crowdfunder.co.uk/north-somerset-green-party-election-campaign-2017,Crowdfunder,group,Charley Pattison / Suneil Basu,,Green Party,Y,827,1000,Y,North Somerset,North Somerset,,South West,England
http://www.crowdfunder.co.uk/northants-green-party-election-2017,Crowdfunder,group,Denise Donaldon / Jonathan Hornett / Rob Reeves / Scott Mabbutt / Steve Miller / Steve Scrutton / Steve Whiffen,,Green Party,,717,2000,Y,South Northamptonshire,South Northamptonshire,Northamptonshire,East Midlands,England
http://www.crowdfunder.co.uk/nuneaton-labour-election-fighting-fund,Crowdfunder,individual,Philip Johnson,,Labour,Y,180,1500,Y,Nuneaton,Nuneaton and Bedworth,Warwickshire,West Midlands,England
http://www.crowdfunder.co.uk/oliur-rahman-for-mp-poplar-and-limehouse,Crowdfunder,individual,Oliur Rahman,,Independent,,850,15500,Y,Poplar and Limehouse,Tower Hamlets,Inner London,London,England
http://www.crowdfunder.co.uk/oust-owen-smith,Crowdfunder,individual,Robin Hunter-Clarke,,UKIP,,391,5000,,Pontypridd,Rhondda Cynon Taf,,,Wales
http://www.crowdfunder.co.uk/parliamentary-candidate-isle-of-wight,Crowdfunder,individual,Julie Jones-Evans,,Independent,,190,1500,Y,Isle of Wight,Isle of Wight,,South East,England
http://www.crowdfunder.co.uk/patrick-harvie-for-glasgow-north,Crowdfunder,individual,Patrick Harvie,,Green Party,,7454,8000,,Glasgow North,Glasgow City,,,Scotland
http://www.crowdfunder.co.uk/paul-sweeney-for-glasgow-north-east,Crowdfunder,individual,Paul Sweeney,,Labour,Y,730,3000,Y,Glasgow North East,East Dunbartonshire,,,Scotland
http://www.crowdfunder.co.uk/philippa-fleming-ne-beds-green-party-candidate,Crowdfunder,individual,Philippa Fleming,,Green Party,,303,1200,Y,North East Bedfordshire,Central Bedfordshire,,East of England,England
http://www.crowdfunder.co.uk/plaid-wrexham-2017-campaign,Crowdfunder,individual,Carrie Harper,,Plaid Cymru,,500,1000,Y,Wrexham,Wrexham,,,Wales
http://www.crowdfunder.co.uk/please-fund-enfield-green-partys-ge-plans,Crowdfunder,group,Benjamin Gill / Bill Linton / Davind Flint,,Green Party,,50,1000,Y,Edmonton,Enfield,Outer London,London,England
http://www.crowdfunder.co.uk/re-elect-alan-brown-in-2017,Crowdfunder,individual,Alan Brown,Y,SNP,,2008,2000,Y,Kilmarnock and Loudoun,East Ayrshire,,,Scotland
http://www.crowdfunder.co.uk/re-elect-alison-thewliss-for-glasgow-central,Crowdfunder,individual,Alison Thewliss,Y,SNP,Y,2840,2500,Y,Glasgow Central,Glasgow City,,,Scotland
http://www.crowdfunder.co.uk/re-elect-angus-robertson-1,Crowdfunder,individual,Angus Robertson,Y,SNP,,7520,5000,Y,Moray,Moray,,,Scotland
http://www.crowdfunder.co.uk/re-elect-anne-mclaughlin-snp,Crowdfunder,individual,Anne McLaughlin,Y,SNP,Y,745,2000,Y,Glasgow North East,East Dunbartonshire,,,Scotland
http://www.crowdfunder.co.uk/re-elect-calum-kerr,Crowdfunder,individual,Calum Kerr,Y,SNP,Y,4520,3000,Y,"Berwickshire, Roxburgh and Selkirk",Scottish Borders,,,Scotland
http://www.crowdfunder.co.uk/re-elect-carol-monaghan,Crowdfunder,individual,Carol Monaghan,Y,SNP,Y,1762,2000,,Glasgow North West,Glasgow City,,,Scotland
http://www.crowdfunder.co.uk/re-elect-deidre-brock-to-edinburgh-north-and-leith,Crowdfunder,individual,Deidre Brock,Y,SNP,Y,4610,3000,Y,Edinburgh North and Leith,City of Edinburgh,,,Scotland
http://www.crowdfunder.co.uk/re-elect-drew-hendry,Crowdfunder,individual,Drew Hendry,Y,SNP,Y,3140,3000,Y,"Inverness, Nairn, Badenoch and Strathspey",Highland,,,Scotland
http://www.crowdfunder.co.uk/re-elect-eilidh-whiteford,Crowdfunder,individual,Eilidh Whiteford,Y,SNP,Y,2711,2500,Y,Banff and Buchan,Aberdeenshire,,,Scotland
http://www.crowdfunder.co.uk/re-elect-gavin-newlands,Crowdfunder,individual,Gavin Newlands,Y,SNP,Y,3506,2750,Y,Paisley and Renfrewshire North,Renfrewshire,,,Scotland
http://www.crowdfunder.co.uk/re-elect-george-kerevan-for-east-lothian,Crowdfunder,individual,George Kerevan,Y,SNP,Y,1480,1500,,East Lothian,East Lothian,,,Scotland
http://www.crowdfunder.co.uk/re-elect-hannah-bardell-for-livingston,Crowdfunder,individual,Hannah Bardell,Y,SNP,Y,1915,5000,,Livingston,West Lothian,,,Scotland
http://www.crowdfunder.co.uk/re-elect-ian-blackford-snp-ross-skye-lochaber,Crowdfunder,individual,Ian Blackford,Y,SNP,Y,3055,3000,Y,"Ross, Skye and Lochaber",Highland,,,Scotland
http://www.crowdfunder.co.uk/re-elect-joanna-cherry,Crowdfunder,individual,Joanna Cherry QC,,SNP,Y,8208,1500,Y,Edinburgh South West,City of Edinburgh,,,Scotland
http://www.crowdfunder.co.uk/re-elect-john-nicolson-snp,Crowdfunder,individual,John Nicolson,Y,SNP,Y,7905,10000,Y,East Dunbartonshire,East Dunbartonshire,,,Scotland
http://www.crowdfunder.co.uk/re-elect-kirsten-oswald-in-east-renfrewshire,Crowdfunder,individual,Kirsten Oswald,Y,SNP,Y,3990,5000,,East Renfrewshire,East Renfrewshire,,,Scotland
http://www.crowdfunder.co.uk/re-elect-lisa-cameron,Crowdfunder,individual,Dr Lisa Cameron,,SNP,Y,841,2000,Y,"East Kilbride, Strathaven and Lesmahagow",South Lanarkshire,,,Scotland
http://www.crowdfunder.co.uk/re-elect-marion-fellows,Crowdfunder,individual,Marion Fellows,Y,SNP,Y,1901,2500,,Motherwell and Wishaw,North Lanarkshire,,,Scotland
http://www.crowdfunder.co.uk/re-elect-mhairi-black,Crowdfunder,individual,Mhairi Black,Y,SNP,Y,7980,3000,Y,Paisley and Renfrewshire South,Renfrewshire,,,Scotland
http://www.crowdfunder.co.uk/re-elect-owen-thompson-for-midlothian,Crowdfunder,individual,Owen Thompson,Y,SNP,Y,790,1000,Y,Midlothian,Midlothian,,,Scotland
http://www.crowdfunder.co.uk/re-elect-patricia-gibson-4-north-ayrshire-arran,Crowdfunder,individual,Patricia Gibson,Y,SNP,Y,1175,2500,,North Ayrshire and Arran,North Ayrshire,,,Scotland
http://www.crowdfunder.co.uk/re-elect-patrick-grady-for-glasgow-north,Crowdfunder,individual,Patrick Grady,Y,SNP,Y,3188,3000,Y,Glasgow North,Glasgow City,,,Scotland
http://www.crowdfunder.co.uk/re-elect-phil-boswell-for-coatbridge-chryston-b,Crowdfunder,individual,Phil Boswell,Y,SNP,Y,1470,3000,,"Coatbridge, Chryston and Bellshill",North Lanarkshire,,,Scotland
http://www.crowdfunder.co.uk/re-elect-richard-arkless-for-dumfries-and-galloway,Crowdfunder,individual,Richard Arkless,Y,SNP,Y,5010,5000,Y,Dumfries and Galloway,Dumfries and Galloway,,,Scotland
http://www.crowdfunder.co.uk/re-elect-roger-mullin-as-your-mp-1,Crowdfunder,individual,Roger Mullin,Y,SNP,Y,2625,1500,Y,Kirkcaldy and Cowdenbeath,Fife,,,Scotland
http://www.crowdfunder.co.uk/re-elect-ronnie-cowan-ge-2017,Crowdfunder,individual,Ronnie Cowan,Y,SNP,Y,1280,2000,,Inverclyde,Inverclyde,,,Scotland
http://www.crowdfunder.co.uk/re-elect-steven-paterson-for-stirling,Crowdfunder,individual,Steven Paterson,Y,SNP,Y,2100,3000,,Stirling,Stirling,,,Scotland
http://www.crowdfunder.co.uk/re-elect-stewart-mcdonald-snp-glasgow-south,Crowdfunder,individual,Stewart McDonald,Y,SNP,,2291,2000,Y,Glasgow South,Glasgow City,,,Scotland
http://www.crowdfunder.co.uk/re-electcallummccaig,Crowdfunder,individual,Callum McCaig,Y,SNP,Y,5180,3000,Y,Aberdeen South,Aberdeen City,,,Scotland
http://www.crowdfunder.co.uk/re-electkirstyblackman,Crowdfunder,individual,Kirsty Blackman,Y,SNP,Y,2505,2000,Y,Aberdeen North,Aberdeen City,,,Scotland
http://www.crowdfunder.co.uk/re-electtommysheppard,Crowdfunder,individual,Tommy Sheppard,Y,SNP,Y,4050,1500,Y,Edinburgh East,City of Edinburgh,,,Scotland
http://www.crowdfunder.co.uk/rebecca-lury-for-ruislip-northwood-pinner,Crowdfunder,individual,Rebecca Lury,,Labour,Y,520,2000,Y,"Ruislip, Northwood and Pinner",Harrow,Outer London,London,England
http://www.crowdfunder.co.uk/reelect-angela-crawley,Crowdfunder,individual,Angela Crawley,Y,SNP,,1225,1000,Y,Lanark and Hamilton East,South Lanarkshire,,,Scotland
http://www.crowdfunder.co.uk/rhea-wolfson-labour-for-livingston,Crowdfunder,individual,Rhea Wolfson,,Labour,,860,1500,Y,Livingston,West Lothian,,,Scotland
http://www.crowdfunder.co.uk/rotherham-green-party-candidate-funding,Crowdfunder,individual,Paul Martin,,Green Party,,70,500,Y,Rother Valley,Rotherham,South Yorkshire,Yorkshire and The Humber,England
http://www.crowdfunder.co.uk/rutland-melton-green-party-election-fund-2017,Crowdfunder,individual,Alastair McQuillan,,Green Party,Y,380,500,,Rutland and Melton,Rutland,,East Midlands,England
http://www.crowdfunder.co.uk/sally-calverley-for-north-east-somerset,Crowdfunder,individual,Sally Calverley,,Green Party,Y,1580,8000,,North East Somerset,Bath and North East Somerset,,South West,England
http://www.crowdfunder.co.uk/sally-keeble-for-northampton-north,Crowdfunder,individual,Sally Keeble,Y,Labour,,1020,3000,,Northampton North,Northampton,Northamptonshire,East Midlands,England
http://www.crowdfunder.co.uk/sefton-green-party-snap-general-election-fund,Crowdfunder,individual,Michael Carter,,Green Party,,245,1500,Y,Sefton Central,Sefton,Merseyside,North West,England
http://www.crowdfunder.co.uk/shanks4glasgownw,Crowdfunder,individual,Michael Shanks,,Labour,Y,890,1000,Y,Glasgow North West,Glasgow City,,,Scotland
http://www.crowdfunder.co.uk/shors-shetland-and-orkney-sovereignty,Crowdfunder,individual,Stuart Hill,,Shetland Orkney Sovereighnty,,2656,20000,Y,Orkney and Shetland,Shetland Islands,,,Scotland
http://www.crowdfunder.co.uk/shrewsbury-and-north-shropshire-green-party,Crowdfunder,group,Duncan Kerr / Emma Bullard,,Green Party,,340,1000,Y,North Shropshire,Shropshire,,West Midlands,England
http://www.crowdfunder.co.uk/simon-hall-luton-north-green-party-candidate,Crowdfunder,individual,Simon Hall,,Green Party,Y,230,1200,Y,Luton North,Luton,,East of England,England
http://www.crowdfunder.co.uk/somerton-frome-lib-dem-general-election-appeal,Crowdfunder,individual,Theo Simon,,Liberal Democrat,,421,1000,Y,Somerton and Frome,Mendip,Somerset,South West,England
http://www.crowdfunder.co.uk/south-cambs-green-party-general-election,Crowdfunder,individual,Simon Saggers,,Green Party,,620,500,Y,South Cambridgeshire,South Cambridgeshire,Cambridgeshire,East of England,England
http://www.crowdfunder.co.uk/south-east-dorset-green-party-candidate-deposits,Crowdfunder,group,Adrian Oliver / Alasdair Keddie / Chris Rigby / Simon Bull,,Green Party,,350,2500,Y,Poole,Poole,,South West,England
http://www.crowdfunder.co.uk/south-lincs-green-party-2017-general-election,Crowdfunder,group,Dan Wilshire / Rebecca Thackray,,Green Party,,342,2500,Y,South Holland and The Deepings,South Kesteven,Lincolnshire,East Midlands,England
http://www.crowdfunder.co.uk/south-staffordshire-green-party-ppc-deposit,Crowdfunder,individual,Claire McIlvenna,,Green Party,,723,500,Y,South Staffordshire,South Staffordshire,Staffordshire,West Midlands,England
http://www.crowdfunder.co.uk/south-tyneside-green-party-election-campaign,Crowdfunder,group,David Harrow / Shirley Ford,,Green Party,,271,1000,Y,Jarrow,South Tyneside,Tyne and Wear,North East,England
http://www.crowdfunder.co.uk/south-west-surrey-labour-general-election-fund,Crowdfunder,individual,David Black,,Labour,,390,1500,Y,South West Surrey,Waverley,Surrey,South East,England
http://www.crowdfunder.co.uk/south-west-wilts-green-party-general-election,Crowdfunder,individual,Chris Walford,,Green Party,,1390,2000,,South West Wiltshire,Wiltshire,,South West,England
http://www.crowdfunder.co.uk/southdevongreen2017,Crowdfunder,group,Andy Williamson / Jacqi Hodgson / Kat Driscoll / Win Scutt,,Green Party,,865,2000,Y,Newton Abbot,Teignbridge,Devon,South West,England
http://www.crowdfunder.co.uk/stalbansgreensjune2017,Crowdfunder,individual,Jack Easton,,Green Party,Y,360,1000,Y,St Albans,Three Rivers,Hertfordshire,East of England,England
http://www.crowdfunder.co.uk/stockport-green-party-general-election-crowdfunder,Crowdfunder,group,Gary Lawson / Robbie Lee,,Green Party,,770,1000,Y,Stockport,Stockport,Greater Manchester,North West,England
http://www.crowdfunder.co.uk/stratford-upon-avon-green-party-fighting-fund,Crowdfunder,individual,Dominic Giles,,Green Party,,410,1500,Y,Stratford-on-Avon,Stratford-on-Avon,Warwickshire,West Midlands,England
http://www.crowdfunder.co.uk/stuart4mp,Crowdfunder,individual,Stuart Tuckwood,,Green Party,,2441,3000,,Cambridge,Cambridge,Cambridgeshire,East of England,England
http://www.crowdfunder.co.uk/suffolk-green-party-ge2017,Crowdfunder,group,Robert Lindsay / Helen Geake / Regan Scott / Charlotte Armstrong / Eamonn O'Nolan / Elfrede Brambley-Crawshaw / Donald Allwright,,Green Party,,1606,10000,Y,South Suffolk,Babergh,Suffolk,East of England,England
http://www.crowdfunder.co.uk/support-a-green-guarantee-for-north-kirklees,Crowdfunder,group,Alan Freeman / Simon Cope,,Green Party,Y,160,1500,Y,Batley and Spen,Kirklees,West Yorkshire,Yorkshire and The Humber,England
http://www.crowdfunder.co.uk/support-alex-salmond-to-win-gordon-in-ge-2017,Crowdfunder,individual,Alex Salmond,Y,SNP,Y,5425,5000,Y,Gordon,Aberdeenshire,,,Scotland
http://www.crowdfunder.co.uk/support-douglas-chapman-dunfermline-west-fife,Crowdfunder,individual,Douglas Chapman,Y,SNP,Y,1213,2000,,Dunfermline and West Fife,Fife,,,Scotland
http://www.crowdfunder.co.uk/support-jonathan-essex,Crowdfunder,individual,Honathan Essex,,Green Party,Y,410,1400,Y,Reigate,Reigate and Banstead,Surrey,South East,England
http://www.crowdfunder.co.uk/support-paul-sanderson-mbe-independent-candidate,Crowdfunder,individual,Paul Sanderson,,Independent,Y,2010,14000,Y,Bognor Regis and Littlehampton,Arun,West Sussex,South East,England
http://www.crowdfunder.co.uk/support-the-mp-in-torridge-west-devon,Crowdfunder,individual,Geoffrey Cox,Y,Conservative,,370,500,,Torridge and West Devon,West Devon,Devon,South West,England
http://www.crowdfunder.co.uk/support-your-local-labour-party,Crowdfunder,individual,Wojciech Kowalewski,,Labour,Y,25,3000,,South Holland and The Deepings,South Kesteven,Lincolnshire,East Midlands,England
http://www.crowdfunder.co.uk/swale-green-party-appeal-for-election-funds,Crowdfunder,group,Alastair Gould / Mark Lindop,,Green Party,,1040,1000,Y,Faversham and Mid Kent,Maidstone,Kent,South East,England
http://www.crowdfunder.co.uk/swindongreens2017,Crowdfunder,group,Andy Bentley / Talis Kimberley-Fairborn,,Green Party,,310,1400,Y,North Swindon,Swindon,,South West,England
http://www.crowdfunder.co.uk/take-the-argument-to-the-brexit-minister,Crowdfunder,individual,Diana Wallis,,Yorkshire Party,Y,625,500,Y,Haltemprice and Howden,East Riding of Yorkshire,,Yorkshire and The Humber,England
http://www.crowdfunder.co.uk/tameside-green-party-17,Crowdfunder,group,Charlotte Hughes / Jenny Ross / Nicholas Koopman,,Green Party,,278,500,,Ashton-under-Lyne,Oldham,Greater Manchester,North West,England
http://www.crowdfunder.co.uk/tasmina-for-ochil-and-south-perthshire,Crowdfunder,individual,Tasmina Ahmed-Sheikh,Y,SNP,Y,2811,5000,,Ochil and South Perthshire,Clackmannanshire,,,Scotland
http://www.crowdfunder.co.uk/tdgp,Crowdfunder,individual,Clive Martin,,Green Party,Y,135,1200,Y,Taunton Deane,Taunton Deane,Somerset,South West,England
http://www.crowdfunder.co.uk/tech-insider-crowdfunding-for-a-smarter-brexit,Crowdfunder,individual,James Stuart Clarke,,Independent,,375,8700,,Bermondsey and Old Southwark,Southwark,Inner London,London,England
http://www.crowdfunder.co.uk/telford-wrekin-green-party-general-election-fund,Crowdfunder,group,Luke Shirley / Pat McCarthy,,Green Party,,0,1500,,Telford / The Wrekin,,,,
http://www.crowdfunder.co.uk/tendring-green-party-election-deposit,Crowdfunder,individual,Chris Southall,,Green Party,,400,500,,Clacton,Tendring,Essex,East of England,England
http://www.crowdfunder.co.uk/tewkesbury-green-party-general-election-campaign,Crowdfunder,individual,Cate Cody,,Green Party,,470,500,,Tewkesbury,Tewkesbury,Gloucestershire,South West,England
http://www.crowdfunder.co.uk/thgreens2017,Crowdfunder,group,Alistair Polson / Bethan Lant,,Green Party,Y,1500,1500,Y,Bethnal Green and Bow,Tower Hamlets,Inner London,London,England
http://www.crowdfunder.co.uk/thirsk-malton-green-party-election-campaign,Crowdfunder,individual,Martin Brampton,,Green Party,,100,1000,,Thirsk and Malton,Hambleton,North Yorkshire,Yorkshire and The Humber,England
http://www.crowdfunder.co.uk/tinaforfylde,Crowdfunder,individual,Tina Rothery,,Green Party,,1500,4000,,Fylde,Fylde,Lancashire,North West,England
http://www.crowdfunder.co.uk/toni-giugliano-for-edinburgh-west,Crowdfunder,individual,Toni Giugliano,,SNP,,3930,4300,,Edinburgh West,City of Edinburgh,,,Scotland
http://www.crowdfunder.co.uk/torridge-and-west-devon-election-fighting-fund,Crowdfunder,individual,Chris Jordan,,Green Party,,345,1000,Y,Torridge and West Devon,West Devon,Devon,South West,England
http://www.crowdfunder.co.uk/tunbridge-wells-general-election,Crowdfunder,individual,Trevor Bisdee,,Green Party,,300,800,,Tunbridge Wells,Tunbridge Wells,Kent,South East,England
http://www.crowdfunder.co.uk/turn-newham-green,Crowdfunder,group,Chidi Oti-Obihara / Michael Spracklin,,Green Party,,370,1500,Y,East Ham,Newham,Inner London,London,England
http://www.crowdfunder.co.uk/ukip-election-fund-islywn-wales,Crowdfunder,individual,Joe Smyth,,UKIP,,10,6000,,Islwyn,Caerphilly,,,Wales
http://www.crowdfunder.co.uk/ukip-mid-cornwall-branch-fundraising,Crowdfunder,individual,David Mathews,,UKIP,,20,500,,St Austell and Newquay,Cornwall,,South West,England
http://www.crowdfunder.co.uk/unseat-hunt,Crowdfunder,individual,Dr Louise Irvine,,NHA Party,,35705,35000,Y,South West Surrey,Waverley,Surrey,South East,England
http://www.crowdfunder.co.uk/vote-for-claire-lasko,Crowdfunder,individual,Jo Lasko,,Green Party,Y,770,1000,Y,Witney,West Oxfordshire,Oxfordshire,South East,England
http://www.crowdfunder.co.uk/votegreenapril,Crowdfunder,individual,April Clark,,Green Party,Y,875,1000,Y,Tonbridge and Malling,Sevenoaks,Kent,South East,England
http://www.crowdfunder.co.uk/votenuttallout,Crowdfunder,individual,James Frith,,Labour,,2528,5000,,Bury North,Bury,Greater Manchester,North West,England
http://www.crowdfunder.co.uk/wansbeck-green-party-2017-election-campaign,Crowdfunder,individual,Steve Leyland,,Green Party,,110,1000,Y,Wansbeck,Northumberland,,North East,England
http://www.crowdfunder.co.uk/wbgp-2017-elections-campaign,Crowdfunder,individual,Paul Field,,Green Party,,880,2200,Y,Newbury,West Berkshire,,South East,England
http://www.crowdfunder.co.uk/west-suffolk-general-electeion-campaign,Crowdfunder,individual,Dave ?,,Independent,,190,5000,,West Suffolk,Forest Heath,Suffolk,East of England,England
http://www.crowdfunder.co.uk/west-sussex-greens-election-2017,Crowdfunder,group,Andrew Bishop / Heather Barrie / Johanna Prior,,Green Party,,1160,1500,,Bognor Regis and Littlehampton,Arun,West Sussex,South East,England
http://www.crowdfunder.co.uk/win-green-mps-in-snap-election-in-north-tyneside,Crowdfunder,group,Julia Erskine / Martin Rankin,,Green Party,,600,1000,Y,Tynemouth,North Tyneside,Tyne and Wear,North East,England
http://www.crowdfunder.co.uk/winchester-greens-ge-2017,Crowdfunder,individual,Andrew Wainwright,,Green Party,,560,1000,Y,Winchester,Winchester,Hampshire,South East,England
http://www.crowdfunder.co.uk/wirral-south-conservative-fighting-fund,Crowdfunder,individual,Adam Sykes,,Conservative,,612,10000,Y,Wirral South,Wirral,Merseyside,North West,England
http://www.crowdfunder.co.uk/wolverhampton-green-party-fighting-fund,Crowdfunder,group,Amy Bertaut / Andrea Cantrill / Clive Wood,,Green Party,,0,750,,Wolverhampton South East,Wolverhampton,West Midlands,West Midlands,England
http://www.crowdfunder.co.uk/wycombe-liberal-democrats-campaign-fund-2017,Crowdfunder,individual,Steve Guy,,Liberal Democrat,,235,1000,Y,Wycombe,Wycombe,Buckinghamshire,South East,England
http://www.crowdfunder.co.uk/youtuber-james-ware-runs-as-mp-in-general-election,Crowdfunder,individual,James Ware,,Independent,,135,500,,NA,,,,
https://www.crowdpac.co.uk/campaigns/1529/the-green-party-by-election-campaign,Crowdpac,individual,Jess Mayo,,Green Party,,12324,12000,Y,"Manchester, Gorton",Manchester,Greater Manchester,North West,England
https://www.crowdpac.co.uk/campaigns/1553/ian-hollinshead,Crowdpac,individual,Ian Hollinshead,,Green Party,,485,500,,Stone,Stafford,Staffordshire,West Midlands,England
https://www.crowdpac.co.uk/campaigns/1818/phil-eckersley,Crowdpac,individual,Phil Eckersley,,UKIP,,245,15000,,"Manchester, Gorton",Manchester,Greater Manchester,North West,England
https://www.crowdpac.co.uk/campaigns/1858/kemi-abidogun,Crowdpac,individual,Kemi Abidogun,,Christian Peoples Alliance,,890,8000,,"Manchester, Gorton",Manchester,Greater Manchester,North West,England
https://www.crowdpac.co.uk/campaigns/1902/ukip-wigan,Crowdpac,individual,Mark Bradley,,UKIP,,50,5000,,Wigan,Wigan,Greater Manchester,North West,England
https://www.crowdpac.co.uk/campaigns/2366/danny-bamping,Crowdpac,individual,Danny Bamping,,Independent,,1412,2300,,"Plymouth, Sutton and Devonport",Plymouth,,South West,England
https://www.crowdpac.co.uk/campaigns/2405/peter-kyle,Crowdpac,individual,Peter Kyle,Y,Labour,Y,3905,2500,Y,Hove,Brighton and Hove,,South East,England
https://www.crowdpac.co.uk/campaigns/2445/yemi-awolola,Crowdpac,individual,Yemi Awolola,,Christian Democratic Party,,0,8000,,Enfield North,Enfield,Outer London,London,England
https://www.crowdpac.co.uk/campaigns/2491/ian-bond,Crowdpac,individual,Ian Bond,,UKIP,,100,500,,Oldham East and Saddleworth,Oldham,Greater Manchester,North West,England
https://www.crowdpac.co.uk/campaigns/2644/claire-wright,Crowdpac,individual,Claire Wright,,Independent,Y,12103,10000,Y,East Devon,East Devon,Devon,South West,England
https://www.crowdpac.co.uk/campaigns/2657/michelle-dewberry,Crowdpac,individual,Michelle Dewberry,,Independent,,2268,12000,,Kingston upon Hull West and Hessle,"Kingston upon Hull, City of",,Yorkshire and The Humber,England
https://www.crowdpac.co.uk/campaigns/2763/jim-kenyon,Crowdpac,individual,Jim Kenyon,,Independent,,601,5000,,Hereford and South Herefordshire,"Herefordshire, County of",,West Midlands,England
https://www.crowdpac.co.uk/campaigns/2792/lloyd-russell-moyle,Crowdpac,individual,Lloyd Russell-Moyle,,Labour,,450,2000,,"Brighton, Kemptown",Brighton and Hove,,South East,England
https://www.crowdpac.co.uk/campaigns/2798/solomon-curtis,Crowdpac,individual,Solomon Curtis,,Labour,,185,1000,,"Brighton, Pavilion",Brighton and Hove,,South East,England
https://www.crowdpac.co.uk/campaigns/2861/gareth-derrick,Crowdpac,individual,Gareth Derrick,,Labour,Y,211,5000,,South East Cornwall,Cornwall,,South West,England
https://www.crowdpac.co.uk/campaigns/2925/paul-dadge,Crowdpac,individual,Paul Dadge,,Labour,Y,243,2000,,Cannock Chase,Cannock Chase,Staffordshire,West Midlands,England
https://www.crowdpac.co.uk/campaigns/2979/sophie-cook,Crowdpac,individual,Sophie Cook,,Labour,Y,391,2000,,East Worthing and Shoreham,Adur,West Sussex,South East,England
https://www.gofundme.com/3rzario,GoFundMe,individual,Teck Khong,,UKIP,,955,10000,,Harborough,Harborough,Leicestershire,East Midlands,England
https://www.gofundme.com/andyparr,GoFundMe,individual,Andrew Parr,,East Surrey Residents Forum,,0,5000,,East Surrey,Tandridge,Surrey,South East,England
https://www.gofundme.com/bb4mp,GoFundMe,individual,Barry Brown,,Cannabis Legislation,,550,2000,,West Tyrone,Derry City and Strabane,,,Northern Ireland
https://www.gofundme.com/elect-gideon-better4taunton-deane,GoFundMe,individual,Gideon Amos,,Liberal Democrats,,3315,16000,,Taunton Deane,Taunton Deane,Somerset,South West,England
https://www.gofundme.com/election-campaign-fund,GoFundMe,individual,Lilian Greenwood,Y,Labour,Y,455,5000,,Nottingham South,Nottingham,,East Midlands,England
https://www.gofundme.com/ergreens,GoFundMe,individual,Dylan Brown,,Green Party,,270,1000,,Elmet and Rothwell,Leeds,West Yorkshire,Yorkshire and The Humber,England
https://www.gofundme.com/general-election-campaign-fund,GoFundMe,individual,Madeleine Moon,Y,Labour,,0,499,,Bridgend,Bridgend,,,Wales
https://www.gofundme.com/general-election-fighting-fund,GoFundMe,individual,Star Anderton,,UKIP,,290,750,,West Bromwich West,Sandwell,West Midlands,West Midlands,England
https://www.gofundme.com/general-election-fund,GoFundMe,individual,Emily Owen,,Labour,Y,964,4000,,Aberconwy,Conwy,,,Wales
https://www.gofundme.com/help-mike-baldock-fight-housing,GoFundMe,individual,Mike Baldock,,Independent,,870,2000,,Sittingbourne and Sheppey,Swale,Kent,South East,England
https://www.gofundme.com/Laura4KandL,GoFundMe,individual,Laura Dover,,Labour,Y,1020,1000,Y,Kilmarnock and Loudoun,East Ayrshire,,,Scotland
https://www.gofundme.com/make-alan-graves-a-ukip-mp,GoFundMe,individual,Alan Graves,,UKIP,,1625,10000,,Derby South,Derby,,East Midlands,England
https://www.gofundme.com/qpzjsr,GoFundMe,group,Lucy Bywater / Gateth Ellis / Simon Hall / Marc Scheimann / Philippa Fleming / Morvern Rennie,,Green Party,,500,500,Y,Bedford,Bedford,,East of England,England
https://www.gofundme.com/SNPNorth,GoFundMe,individual,Paul Monaghan,Y,SNP,,1168,2000,,"Caithness, Sutherland and Easter Ross",Highland,,,Scotland
https://www.gofundme.com/UKIPNorthDurham,GoFundMe,individual,Ken Rollings,,UKIP,,0,1000,,North Durham,County Durham,,North East,England
https://www.justgiving.com/crowdfunding/ashley-dalton,JustGiving,individual,Ashley Dalton,,Labour,,1383,2000,,Rochford and Southend East,Southend-on-Sea,,East of England,England
https://www.justgiving.com/crowdfunding/Bill-GE17,JustGiving,individual,Bill Etheridg,,UKIP,,190,5000,,Dudley North,Dudley,West Midlands,West Midlands,England
https://www.justgiving.com/crowdfunding/charlotte-barker-2,JustGiving,individual,Mark Sewards,,Labour,Y,0,200,,Harrogate and Knaresborough,Harrogate,North Yorkshire,Yorkshire and The Humber,England
https://www.justgiving.com/crowdfunding/debbie-caine,JustGiving,individual,Alison McGovern,Y,Labour,,4128,5000,,Wirral South,Wirral,Merseyside,North West,England
https://www.justgiving.com/crowdfunding/DefeatTheresaMay,JustGiving,individual,Tony Hill,,Liberal Democrat,,0,1000,,Maidenhead,Windsor and Maidenhead,,South East,England
https://www.justgiving.com/crowdfunding/eastbournelabour,JustGiving,individual,Jake Lambert,,Labour,Y,55,1000,,Eastbourne,Wealden,East Sussex,South East,England
https://www.justgiving.com/crowdfunding/HackneyCommunitiesTogether,JustGiving,individual,Hugo Sugg,,Independent,,570,500,Y,Hackney South and Shoreditch,Hackney,Inner London,London,England
https://www.justgiving.com/crowdfunding/HelenFlynnNextMPforHandK,JustGiving,individual,Helen Flynn,,Liberal Democrat,,4190,6000,,Harrogate and Knaresborough,Harrogate,North Yorkshire,Yorkshire and The Humber,England
https://www.justgiving.com/crowdfunding/hine2017,JustGiving,individual,Jamie Hine,,Independent,,0,500,,Ellesmere Port and Neston,Cheshire West and Chester,,North West,England
https://www.justgiving.com/crowdfunding/ivan-lewis-4-bury-south,JustGiving,individual,Ivan Lewis,Y,Labour,,20,5000,,Bury South,Bury,Greater Manchester,North West,England
https://www.justgiving.com/crowdfunding/James-Blanchard,JustGiving,individual,James Blanchard,,Liberal Democrat,,0,10000,,York Outer,York,,Yorkshire and The Humber,England
https://www.justgiving.com/crowdfunding/jeanette-fletcher,JustGiving,individual,Weaver Vale CLP,,Labour,,0,1000,,Weaver Vale,Cheshire West and Chester,,North West,England
https://www.justgiving.com/crowdfunding/Justin-Madders,JustGiving,individual,Justin Madders,Y,Conservative,Y,830,5000,,Ellesmere Port and Neston,Cheshire West and Chester,,North West,England
https://www.justgiving.com/crowdfunding/kearney4worcester,JustGiving,individual,Stephen Kearney,,Liberal Democrat,,0,250,,Worcester,Worcester,Worcestershire,West Midlands,England
https://www.justgiving.com/crowdfunding/kenneth-lowry,JustGiving,individual,Kenneth Lowrt,,UKIP,,20,20,Y,"Birmingham, Selly Oak",Birmingham,West Midlands,West Midlands,England
https://www.justgiving.com/crowdfunding/kevin-mckeever-labour,JustGiving,individual,Kevin McKeever,,Labour,,1250,2000,,Northampton South,Northampton,Northamptonshire,East Midlands,England
https://www.justgiving.com/crowdfunding/Labourscarboroughandwhitby,JustGiving,individual,Eric Broadbent,,Labour,,560,1000,,Scarborough and Whitby,Scarborough,North Yorkshire,Yorkshire and The Humber,England
https://www.justgiving.com/crowdfunding/LeedsWestGE2017,JustGiving,individual,Rachel Reeves,Y,Labour,,280,5000,,Leeds West,Leeds,West Yorkshire,Yorkshire and The Humber,England
https://www.justgiving.com/crowdfunding/Liamformp,JustGiving,individual,Liam Bridges,,Independent,,60,500,,Bury St Edmunds,Mid Suffolk,Suffolk,East of England,England
https://www.justgiving.com/crowdfunding/lucy-powell,JustGiving,individual,Lucy Powell,Y,Labour,Y,795,1500,,Manchester Central,Manchester,Greater Manchester,North West,England
https://www.justgiving.com/crowdfunding/malcolm-jones,JustGiving,individual,Malcolm Jones,,UKIP,,30,750,,Eastleigh,Eastleigh,Hampshire,South East,England
https://www.justgiving.com/crowdfunding/MarieRimmer,JustGiving,individual,Marie Rimmer,Y,Labour,,10,5000,,St Helens South and Whiston,St. Helens,Merseyside,North West,England
https://www.justgiving.com/crowdfunding/mark-dabbs-1,JustGiving,individual,Mark Dabbs,,Independent,,0,1000,,Walsall South,Walsall,West Midlands,West Midlands,England
https://www.justgiving.com/crowdfunding/michael-foster,JustGiving,individual,Michael Foster,Y,Independent,,1720,14000,,Islington North,Islington,Inner London,London,England
https://www.justgiving.com/crowdfunding/NorthWiltsLabour,JustGiving,individual,Peter Baldrey,,Labour,,59,1499,,North Wiltshire,Wiltshire,,South West,England
https://www.justgiving.com/crowdfunding/peter-kyle,JustGiving,individual,Peter Kyle,Y,Labour,,3910,2000,Y,Hove,Brighton and Hove,,South East,England
https://www.justgiving.com/crowdfunding/peter-warren,JustGiving,individual,Peter Warren,,Monster Raving,,8,500,,Esher and Walton,Elmbridge,Surrey,South East,England
https://www.justgiving.com/crowdfunding/philomena-wilson,JustGiving,individual,Margaret Greenwood,Y,Labour,Y,859,5000,,Wirral West,Wirral,Merseyside,North West,England
https://www.justgiving.com/crowdfunding/Roseanneedwardsvoteforthehortonhospital,JustGiving,individual,Roseanne Edward,,Independent,,280,3000,,Banbury,Cherwell,Oxfordshire,South East,England
https://www.justgiving.com/crowdfunding/south-west-wiltshire-labour-party,JustGiving,individual,Laura Pictor,,Labour,,757,2000,,South West Wiltshire,Wiltshire,,South West,England
https://www.justgiving.com/crowdfunding/thornton-labour,JustGiving,individual,Chuka Umunna,Y,Labour,,245,300,,Streatham,Lambeth,Inner London,London,England
https://www.justgiving.com/crowdfunding/torbaylabour,JustGiving,individual,Paul Raybould,,Labour,,82,750,,Torbay,Torbay,,South West,England
https://www.justgiving.com/crowdfunding/tottenham-conservatives,JustGiving,individual,Myles Stacey,,Conservative,,50,500,,Tottenham,Haringey,Inner London,London,England
https://www.justgiving.com/crowdfunding/ujjawal-bhardwaj,JustGiving,individual,Ujjawal Bhardwaj,,UKIP,,10,8000,,Luton South,Luton,,East of England,England
Page removed,Crowdfunder,individual,Iain Ramsbottom,,Labour,,,,,North West Cambridgeshire,Peterborough,,East of England,England